age,job,marital,education,default,housing,loan,contact,month,day_of_week,duration,campaign,pdays,previous,poutcome,emp.var.rate,cons.price.idx,cons.conf.idx,euribor3m,nr.employed,y
27,unknown,single,university.degree,no,yes,no,cellular,jun,wed,665,4,3,2,success,-1.7,94.055,-39.8,0.767,4991.6,yes
19,student,single,basic.4y,no,yes,no,cellular,sep,wed,396,2,6,3,success,-1.1,94.199,-37.5,0.876,4963.6,yes
32,admin.,married,university.degree,no,yes,no,cellular,aug,fri,1366,1,999,0,nonexistent,1.4,93.444,-36.1,4.964,5228.1,no
35,self-employed,single,university.degree,no,yes,no,cellular,jul,wed,2122,1,999,0,nonexistent,1.4,93.918,-42.7,4.962,5228.1,yes
36,admin.,married,university.degree,no,yes,no,cellular,apr,thu,970,1,999,1,failure,-1.8,93.075,-47.1,1.365,5099.1,yes
34,admin.,divorced,high.school,no,no,no,cellular,nov,tue,492,2,6,3,success,-3.4,92.649,-30.1,0.716,5017.5,no
23,student,single,basic.4y,no,yes,no,cellular,apr,wed,1372,4,999,0,nonexistent,-1.8,93.075,-47.1,1.415,5099.1,no
44,admin.,married,university.degree,no,yes,no,telephone,oct,wed,749,1,999,0,nonexistent,-3.4,92.431,-26.9,0.735,5017.5,yes
49,blue-collar,married,basic.6y,no,yes,no,telephone,may,fri,1980,2,999,0,nonexistent,1.1,93.994,-36.4,4.864,5191.0,yes
39,technician,divorced,high.school,no,no,no,cellular,mar,mon,174,1,3,1,success,-1.8,93.369,-34.8,0.639,5008.7,yes
18,student,single,unknown,no,yes,no,cellular,sep,fri,563,1,999,0,nonexistent,-3.4,92.379,-29.8,0.803,5017.5,yes
50,blue-collar,divorced,professional.course,no,yes,no,cellular,nov,mon,742,1,999,0,nonexistent,-1.1,94.767,-50.8,1.05,4963.6,yes
42,management,married,university.degree,no,no,no,telephone,may,tue,1677,1,999,0,nonexistent,1.1,93.994,-36.4,4.857,5191.0,yes
37,technician,single,university.degree,unknown,no,yes,cellular,aug,mon,1559,5,999,0,nonexistent,1.4,93.444,-36.1,4.963,5228.1,no
29,services,married,basic.9y,no,yes,no,cellular,jul,fri,1389,2,999,0,nonexistent,1.4,93.918,-42.7,4.963,5228.1,no
51,services,married,basic.6y,no,no,no,telephone,may,fri,1340,1,999,0,nonexistent,1.1,93.994,-36.4,4.859,5191.0,yes
30,admin.,married,university.degree,no,unknown,unknown,cellular,mar,mon,291,3,8,1,success,-1.8,92.843,-50.0,1.629,5099.1,no
36,admin.,divorced,high.school,no,no,no,cellular,jul,wed,1960,3,999,0,nonexistent,1.4,93.918,-42.7,4.963,5228.1,yes
34,admin.,single,university.degree,no,no,no,cellular,mar,tue,241,1,6,1,success,-1.8,93.369,-34.8,0.652,5008.7,yes
42,admin.,single,university.degree,no,no,no,cellular,aug,mon,1013,3,999,0,nonexistent,-1.7,94.027,-38.3,0.898,4991.6,no
47,admin.,married,unknown,no,no,yes,cellular,apr,wed,764,2,999,0,nonexistent,-1.8,93.075,-47.1,1.445,5099.1,no
55,management,married,university.degree,no,yes,no,cellular,apr,fri,949,2,999,0,nonexistent,-1.8,93.075,-47.1,1.405,5099.1,yes
57,blue-collar,married,basic.9y,no,no,no,cellular,mar,fri,698,1,999,0,nonexistent,-1.8,93.369,-34.8,0.636,5008.7,no
32,technician,single,professional.course,no,no,no,cellular,may,thu,1060,2,999,0,nonexistent,-1.8,92.893,-46.2,1.266,5099.1,yes
55,admin.,married,basic.4y,unknown,no,no,telephone,jun,fri,1469,9,999,0,nonexistent,1.4,94.465,-41.8,4.967,5228.1,yes
32,admin.,single,university.degree,no,no,no,cellular,jul,tue,527,1,999,0,nonexistent,-1.7,94.215,-40.3,0.893,4991.6,yes
92,retired,married,unknown,no,no,yes,cellular,aug,wed,370,1,3,4,success,-1.7,94.027,-38.3,0.903,4991.6,yes
24,student,single,unknown,no,yes,yes,telephone,sep,wed,663,1,10,1,success,-1.1,94.199,-37.5,0.886,4963.6,no
28,services,single,basic.6y,no,no,no,cellular,jun,wed,385,2,4,1,success,-2.9,92.963,-40.8,1.26,5076.2,yes
50,admin.,married,university.degree,no,yes,no,cellular,aug,wed,1149,5,999,0,nonexistent,1.4,93.444,-36.1,4.965,5228.1,yes
40,entrepreneur,married,basic.6y,no,no,no,cellular,jun,wed,837,1,999,0,nonexistent,-2.9,92.963,-40.8,1.26,5076.2,yes
31,student,single,unknown,no,unknown,unknown,cellular,sep,wed,708,2,6,2,success,-1.1,94.199,-37.5,0.88,4963.6,yes
31,blue-collar,married,unknown,unknown,no,no,cellular,jul,tue,1608,13,999,0,nonexistent,1.4,93.918,-42.7,4.961,5228.1,yes
59,retired,married,professional.course,no,yes,no,cellular,aug,fri,303,2,3,2,success,-1.7,94.027,-38.3,0.905,4991.6,yes
33,admin.,single,high.school,no,yes,no,cellular,aug,fri,1088,3,999,0,nonexistent,-2.9,92.201,-31.4,0.881,5076.2,yes
57,retired,divorced,basic.9y,no,no,no,cellular,jul,fri,897,3,999,0,nonexistent,-2.9,92.469,-33.6,1.059,5076.2,no
62,retired,married,basic.4y,no,no,no,cellular,aug,mon,317,1,9,2,failure,-1.7,94.027,-38.3,0.898,4991.6,yes
27,admin.,single,university.degree,no,no,no,cellular,apr,tue,317,1,12,1,success,-1.8,93.749,-34.6,0.638,5008.7,yes
32,admin.,married,university.degree,no,no,yes,telephone,may,fri,1692,2,999,0,nonexistent,1.1,93.994,-36.4,4.855,5191.0,yes
47,admin.,single,basic.9y,no,yes,yes,cellular,jul,thu,392,2,6,1,success,-1.7,94.215,-40.3,0.846,4991.6,yes
62,retired,married,professional.course,no,yes,no,cellular,aug,tue,531,3,6,1,success,-2.9,92.201,-31.4,0.838,5076.2,yes
56,technician,married,basic.4y,no,no,no,cellular,oct,thu,306,3,3,1,success,-3.4,92.431,-26.9,0.733,5017.5,yes
60,admin.,married,university.degree,no,yes,no,cellular,jun,mon,324,3,3,1,success,-2.9,92.963,-40.8,1.266,5076.2,yes
32,admin.,single,professional.course,no,no,no,cellular,may,thu,1145,1,999,1,failure,-1.8,92.893,-46.2,1.327,5099.1,no
31,admin.,married,basic.9y,no,yes,no,cellular,nov,wed,1662,3,999,0,nonexistent,-0.1,93.2,-42.0,4.12,5195.8,no
34,technician,single,unknown,no,yes,no,cellular,aug,thu,320,2,3,1,success,-2.9,92.201,-31.4,0.851,5076.2,yes
39,blue-collar,married,basic.9y,no,yes,no,cellular,sep,mon,791,3,999,0,nonexistent,-1.1,94.199,-37.5,0.882,4963.6,no
66,retired,married,professional.course,no,no,no,cellular,mar,tue,328,1,999,0,nonexistent,-1.8,93.369,-34.8,0.655,5008.7,no
24,services,single,high.school,no,unknown,unknown,telephone,may,wed,1307,1,999,0,nonexistent,1.1,93.994,-36.4,4.858,5191.0,no
42,housemaid,married,university.degree,no,yes,yes,cellular,aug,thu,2372,3,999,0,nonexistent,1.4,93.444,-36.1,4.962,5228.1,yes
42,blue-collar,married,basic.4y,no,no,no,cellular,apr,wed,1217,3,999,0,nonexistent,-1.8,93.075,-47.1,1.415,5099.1,yes
29,student,single,high.school,no,yes,yes,cellular,nov,thu,289,1,3,3,success,-1.1,94.767,-50.8,1.05,4963.6,yes
35,technician,single,professional.course,no,no,no,cellular,jul,mon,562,4,999,0,nonexistent,-1.7,94.215,-40.3,0.827,4991.6,yes
74,retired,married,basic.4y,unknown,yes,no,cellular,aug,mon,467,2,6,1,success,-2.9,92.201,-31.4,0.843,5076.2,yes
26,admin.,single,university.degree,no,yes,no,cellular,jul,tue,1287,5,999,0,nonexistent,1.4,93.918,-42.7,4.961,5228.1,no
43,self-employed,married,university.degree,no,yes,no,cellular,mar,mon,264,2,9,1,success,-1.8,93.369,-34.8,0.652,5008.7,yes
37,technician,married,high.school,no,yes,no,cellular,jul,wed,1339,3,999,0,nonexistent,1.4,93.918,-42.7,4.957,5228.1,no
34,blue-collar,married,basic.6y,no,yes,no,telephone,may,mon,1622,2,999,0,nonexistent,1.1,93.994,-36.4,4.858,5191.0,yes
30,unemployed,single,high.school,no,yes,yes,cellular,oct,wed,953,1,999,0,nonexistent,-3.4,92.431,-26.9,0.74,5017.5,no
85,retired,single,professional.course,no,no,no,cellular,mar,fri,116,7,7,2,success,-1.8,93.369,-34.8,0.653,5008.7,no
78,retired,divorced,professional.course,no,yes,no,cellular,mar,tue,591,1,999,1,failure,-1.8,93.369,-34.8,0.655,5008.7,yes
36,admin.,married,high.school,unknown,yes,no,cellular,may,mon,1434,2,999,1,failure,-1.8,92.893,-46.2,1.244,5099.1,no
50,admin.,married,university.degree,no,unknown,unknown,cellular,may,wed,801,1,999,1,failure,-1.8,93.876,-40.0,0.682,5008.7,no
32,admin.,married,university.degree,no,no,no,cellular,may,thu,1030,1,6,1,success,-1.8,92.893,-46.2,1.327,5099.1,yes
91,retired,married,university.degree,no,yes,yes,cellular,sep,wed,837,1,999,2,failure,-3.4,92.379,-29.8,0.781,5017.5,no
29,services,married,professional.course,unknown,yes,no,cellular,aug,tue,2089,6,999,0,nonexistent,1.4,93.444,-36.1,4.965,5228.1,yes
34,blue-collar,married,basic.9y,no,yes,no,cellular,jul,tue,1412,4,999,0,nonexistent,1.4,93.918,-42.7,4.961,5228.1,no
47,services,single,unknown,no,unknown,unknown,cellular,mar,thu,394,2,999,0,nonexistent,-1.8,93.369,-34.8,0.643,5008.7,no
22,student,single,high.school,no,yes,yes,cellular,may,mon,1370,3,999,0,nonexistent,-1.8,92.893,-46.2,1.354,5099.1,yes
34,technician,married,professional.course,no,yes,no,cellular,oct,wed,442,2,8,1,success,-3.4,92.431,-26.9,0.735,5017.5,yes
23,student,single,professional.course,no,yes,no,cellular,sep,wed,316,1,8,2,success,-1.1,94.199,-37.5,0.876,4963.6,yes
81,retired,married,basic.4y,no,yes,no,cellular,oct,wed,621,1,999,2,failure,-1.1,94.601,-49.5,1.016,4963.6,yes
52,technician,married,basic.6y,no,yes,no,cellular,jul,thu,219,1,3,1,success,-1.7,94.215,-40.3,0.846,4991.6,yes
32,admin.,single,university.degree,no,no,no,telephone,nov,mon,1239,1,999,0,nonexistent,-0.1,93.2,-42.0,4.406,5195.8,no
35,admin.,married,professional.course,no,yes,yes,cellular,jul,tue,1186,2,999,0,nonexistent,1.4,93.918,-42.7,4.961,5228.1,no
45,management,married,university.degree,no,yes,no,cellular,aug,tue,1735,4,999,0,nonexistent,1.4,93.444,-36.1,4.966,5228.1,yes
31,admin.,single,university.degree,no,unknown,unknown,cellular,oct,tue,192,1,3,1,success,-1.1,94.601,-49.5,1.008,4963.6,yes
56,retired,married,professional.course,no,unknown,unknown,cellular,oct,thu,181,1,6,1,success,-3.4,92.431,-26.9,0.733,5017.5,yes
43,blue-collar,married,professional.course,no,yes,yes,cellular,jun,thu,1720,1,999,0,nonexistent,-1.7,94.055,-39.8,0.729,4991.6,yes
42,blue-collar,married,basic.9y,no,yes,no,cellular,aug,fri,261,1,6,1,success,-1.7,94.027,-38.3,0.898,4991.6,yes
35,admin.,single,university.degree,no,no,no,cellular,jul,fri,391,5,4,1,success,-1.7,94.215,-40.3,0.79,4991.6,yes
52,admin.,married,unknown,no,yes,no,telephone,apr,wed,403,1,6,1,success,-1.8,93.749,-34.6,0.654,5008.7,yes
37,technician,married,professional.course,no,yes,yes,cellular,mar,wed,395,1,9,1,success,-1.8,93.369,-34.8,0.644,5008.7,no
33,admin.,married,university.degree,no,yes,no,cellular,aug,thu,265,1,3,3,success,-1.7,94.027,-38.3,0.899,4991.6,yes
32,admin.,married,high.school,no,yes,no,cellular,sep,mon,1298,1,999,0,nonexistent,-1.1,94.199,-37.5,0.879,4963.6,yes
36,unemployed,married,high.school,no,yes,no,cellular,oct,mon,304,1,3,1,success,-1.1,94.601,-49.5,1.032,4963.6,yes
38,technician,married,professional.course,no,yes,no,cellular,mar,fri,207,2,7,1,success,-1.8,92.843,-50.0,1.726,5099.1,yes
30,blue-collar,married,basic.9y,no,yes,no,cellular,may,wed,1131,2,999,0,nonexistent,-1.8,92.893,-46.2,1.334,5099.1,no
45,admin.,married,university.degree,no,no,no,cellular,sep,mon,351,1,3,2,success,-3.4,92.379,-29.8,0.797,5017.5,yes
32,admin.,married,university.degree,no,no,yes,cellular,jun,thu,327,3,3,1,success,-2.9,92.963,-40.8,1.26,5076.2,yes
32,admin.,single,university.degree,no,yes,no,cellular,jul,thu,210,2,15,1,success,-1.7,94.215,-40.3,0.846,4991.6,no
33,admin.,single,university.degree,no,no,no,cellular,mar,mon,427,1,6,2,success,-1.8,93.369,-34.8,0.646,5008.7,yes
32,technician,single,university.degree,no,no,no,cellular,jun,mon,1048,1,999,0,nonexistent,-2.9,92.963,-40.8,1.266,5076.2,yes
45,admin.,married,basic.9y,no,yes,no,telephone,may,thu,1611,2,999,0,nonexistent,1.1,93.994,-36.4,4.86,5191.0,no
18,student,single,basic.4y,no,yes,no,telephone,nov,tue,394,1,13,2,success,-1.1,94.767,-50.8,1.049,4963.6,yes
50,admin.,single,high.school,no,yes,no,telephone,dec,fri,705,2,999,0,nonexistent,-3.0,92.713,-33.0,0.718,5023.5,yes
68,retired,married,high.school,no,no,no,cellular,nov,mon,1248,2,999,1,failure,-3.4,92.649,-30.1,0.714,5017.5,yes
92,retired,married,unknown,no,no,yes,cellular,aug,tue,1064,1,3,1,success,-1.7,94.027,-38.3,0.904,4991.6,yes
32,admin.,single,university.degree,no,no,no,cellular,jun,tue,856,1,12,2,success,-1.7,94.055,-39.8,0.737,4991.6,yes
23,student,single,high.school,no,no,no,cellular,oct,wed,409,1,3,1,success,-1.1,94.601,-49.5,1.043,4963.6,no
48,admin.,married,university.degree,no,yes,yes,cellular,aug,wed,288,1,0,3,success,-1.7,94.027,-38.3,0.9,4991.6,yes
60,retired,married,basic.4y,no,no,no,cellular,oct,mon,599,1,999,1,failure,-3.4,92.431,-26.9,0.739,5017.5,no
23,technician,single,high.school,no,no,yes,cellular,may,thu,1129,1,999,0,nonexistent,-1.8,92.893,-46.2,1.266,5099.1,yes
60,housemaid,married,basic.4y,no,yes,no,cellular,jul,thu,503,2,5,2,success,-2.9,92.469,-33.6,1.072,5076.2,yes
25,technician,single,professional.course,no,yes,no,cellular,nov,wed,541,1,999,0,nonexistent,-3.4,92.649,-30.1,0.716,5017.5,yes
33,admin.,married,university.degree,no,yes,no,cellular,nov,tue,318,2,3,3,success,-3.4,92.649,-30.1,0.715,5017.5,yes
70,retired,married,unknown,no,no,no,telephone,mar,mon,174,2,7,2,success,-1.8,93.369,-34.8,0.639,5008.7,no
35,technician,divorced,basic.4y,no,yes,no,cellular,nov,tue,385,3,4,2,success,-1.1,94.767,-50.8,1.035,4963.6,yes
33,technician,single,high.school,no,yes,no,telephone,nov,tue,1476,3,999,0,nonexistent,-0.1,93.2,-42.0,4.153,5195.8,no
30,student,single,unknown,no,yes,no,cellular,mar,tue,136,1,9,1,success,-1.8,93.369,-34.8,0.637,5008.7,yes
24,admin.,single,university.degree,no,yes,yes,cellular,aug,fri,101,5,6,2,success,-1.7,94.027,-38.3,0.905,4991.6,no
29,blue-collar,single,high.school,no,yes,yes,cellular,apr,wed,2129,1,999,1,failure,-1.8,93.075,-47.1,1.445,5099.1,no
31,technician,married,university.degree,no,no,no,cellular,mar,wed,625,4,999,0,nonexistent,-1.8,93.369,-34.8,0.651,5008.7,no
43,blue-collar,married,basic.9y,unknown,yes,yes,cellular,apr,tue,1096,1,999,0,nonexistent,-1.8,93.075,-47.1,1.453,5099.1,no
34,technician,divorced,professional.course,no,yes,no,cellular,may,fri,1190,2,999,0,nonexistent,-1.8,92.893,-46.2,1.25,5099.1,yes
55,blue-collar,married,basic.4y,unknown,no,no,telephone,may,wed,1581,2,999,0,nonexistent,1.1,93.994,-36.4,4.856,5191.0,no
32,technician,single,high.school,no,yes,no,cellular,may,tue,1531,1,999,0,nonexistent,-1.8,92.893,-46.2,1.291,5099.1,yes
36,admin.,married,university.degree,no,yes,yes,cellular,jul,mon,1669,2,999,0,nonexistent,1.4,93.918,-42.7,4.962,5228.1,yes
26,student,single,basic.9y,no,yes,no,cellular,aug,wed,582,1,999,0,nonexistent,-2.9,92.201,-31.4,0.879,5076.2,yes
46,management,married,high.school,no,yes,yes,cellular,aug,wed,1456,3,999,0,nonexistent,1.4,93.444,-36.1,4.967,5228.1,yes
31,student,single,university.degree,no,no,no,cellular,aug,tue,224,1,9,2,failure,-1.7,94.027,-38.3,0.899,4991.6,no
38,admin.,single,high.school,no,yes,yes,cellular,nov,thu,1476,4,999,0,nonexistent,-0.1,93.2,-42.0,4.076,5195.8,no
19,student,single,unknown,no,yes,no,telephone,apr,fri,1161,5,999,0,nonexistent,-1.8,93.075,-47.1,1.405,5099.1,no
30,blue-collar,married,professional.course,no,no,no,cellular,may,fri,1357,4,999,1,failure,-1.8,92.893,-46.2,1.25,5099.1,yes
82,retired,married,university.degree,no,yes,no,cellular,oct,tue,526,1,999,0,nonexistent,-3.4,92.431,-26.9,0.744,5017.5,no
45,technician,married,basic.9y,no,no,yes,cellular,may,fri,1077,1,999,0,nonexistent,-1.8,92.893,-46.2,1.313,5099.1,yes
35,admin.,single,university.degree,no,yes,no,cellular,may,fri,662,1,12,1,success,-1.8,92.893,-46.2,1.313,5099.1,yes
42,admin.,married,unknown,no,no,no,cellular,apr,fri,952,1,999,1,failure,-1.8,93.075,-47.1,1.405,5099.1,yes
38,technician,married,professional.course,no,yes,no,cellular,jun,tue,993,4,3,1,success,-2.9,92.963,-40.8,1.286,5076.2,yes
31,blue-collar,married,basic.6y,no,yes,no,cellular,may,wed,1279,3,999,0,nonexistent,-1.8,92.893,-46.2,1.281,5099.1,yes
21,student,single,basic.9y,no,no,no,cellular,mar,wed,363,1,6,1,success,-1.8,93.369,-34.8,0.655,5008.7,yes
37,admin.,married,university.degree,no,no,no,cellular,sep,wed,265,2,6,2,success,-1.1,94.199,-37.5,0.886,4963.6,yes
73,retired,married,unknown,no,yes,no,telephone,mar,mon,659,1,999,0,nonexistent,-1.8,93.369,-34.8,0.652,5008.7,yes
26,admin.,single,high.school,no,no,no,cellular,mar,tue,273,2,6,1,success,-1.8,93.369,-34.8,0.652,5008.7,yes
49,admin.,single,high.school,no,yes,no,cellular,jul,tue,1281,1,999,0,nonexistent,1.4,93.918,-42.7,4.961,5228.1,no
33,technician,single,professional.course,no,no,yes,cellular,jul,tue,1408,2,999,0,nonexistent,1.4,93.918,-42.7,4.961,5228.1,no
53,technician,married,high.school,no,yes,no,cellular,mar,tue,539,2,999,0,nonexistent,-1.8,93.369,-34.8,0.655,5008.7,yes
34,admin.,married,high.school,no,yes,no,cellular,aug,thu,1503,1,999,0,nonexistent,1.4,93.444,-36.1,4.963,5228.1,yes
61,retired,married,university.degree,no,no,no,cellular,nov,mon,507,1,999,0,nonexistent,-1.1,94.767,-50.8,1.05,4963.6,no
26,admin.,married,high.school,no,yes,no,cellular,nov,fri,338,1,7,1,success,-3.4,92.649,-30.1,0.714,5017.5,yes
37,admin.,divorced,basic.9y,no,no,no,telephone,jun,tue,1363,7,999,0,nonexistent,1.4,94.465,-41.8,4.864,5228.1,yes
35,technician,single,professional.course,no,yes,no,cellular,jul,tue,577,6,6,1,success,-1.7,94.215,-40.3,0.835,4991.6,yes
37,management,married,high.school,no,yes,no,cellular,aug,thu,633,1,999,0,nonexistent,-1.7,94.027,-38.3,0.904,4991.6,yes
60,admin.,married,high.school,no,no,no,cellular,oct,tue,604,1,999,1,failure,-1.1,94.601,-49.5,1.037,4963.6,yes
50,unemployed,married,basic.9y,no,yes,no,telephone,may,fri,1713,1,999,0,nonexistent,1.1,93.994,-36.4,4.855,5191.0,no
31,admin.,single,high.school,no,yes,no,cellular,may,thu,1094,2,999,0,nonexistent,-1.8,92.893,-46.2,1.266,5099.1,yes
43,self-employed,married,university.degree,unknown,yes,yes,telephone,jun,wed,1487,1,999,0,nonexistent,1.4,94.465,-41.8,4.962,5228.1,no
41,admin.,married,high.school,no,yes,yes,cellular,apr,mon,982,1,999,0,nonexistent,-1.8,93.075,-47.1,1.405,5099.1,no
50,entrepreneur,married,university.degree,no,no,no,cellular,jul,tue,1226,2,999,0,nonexistent,1.4,93.918,-42.7,4.961,5228.1,no
59,admin.,married,high.school,no,yes,no,cellular,aug,wed,1019,2,2,1,success,-2.9,92.201,-31.4,0.884,5076.2,yes
26,student,single,high.school,no,yes,yes,cellular,apr,fri,888,1,6,2,success,-1.8,93.749,-34.6,0.645,5008.7,yes
31,technician,single,university.degree,no,no,no,cellular,may,tue,911,1,2,1,success,-1.8,92.893,-46.2,1.266,5099.1,no
32,admin.,single,high.school,no,no,no,cellular,apr,thu,1143,1,999,0,nonexistent,-1.8,93.075,-47.1,1.365,5099.1,yes
64,unemployed,divorced,basic.9y,no,yes,no,cellular,oct,wed,604,2,999,0,nonexistent,-1.1,94.601,-49.5,0.959,4963.6,no
41,technician,divorced,university.degree,no,yes,no,cellular,aug,fri,366,2,6,3,success,-1.7,94.027,-38.3,0.905,4991.6,yes
43,blue-collar,married,basic.9y,no,yes,no,cellular,dec,tue,689,2,999,0,nonexistent,-3.0,92.713,-33.0,0.707,5023.5,yes
37,self-employed,married,professional.course,no,yes,yes,cellular,nov,mon,1024,1,5,1,success,-3.4,92.649,-30.1,0.722,5017.5,yes
36,management,married,university.degree,no,no,no,cellular,jun,tue,867,1,3,2,success,-1.7,94.055,-39.8,0.737,4991.6,yes
39,technician,married,high.school,no,yes,no,cellular,jul,thu,1461,4,999,0,nonexistent,1.4,93.918,-42.7,4.968,5228.1,yes
55,housemaid,married,basic.4y,no,yes,no,cellular,apr,mon,1435,1,999,0,nonexistent,-1.8,93.075,-47.1,1.466,5099.1,yes
33,blue-collar,married,basic.4y,no,no,no,cellular,may,mon,1388,2,999,0,nonexistent,-1.8,92.893,-46.2,1.299,5099.1,yes
50,admin.,single,basic.9y,no,unknown,unknown,cellular,jun,wed,699,1,999,1,failure,-2.9,92.963,-40.8,1.26,5076.2,yes
38,technician,married,professional.course,unknown,no,no,cellular,apr,fri,1624,1,999,2,failure,-1.8,93.075,-47.1,1.405,5099.1,yes
52,management,married,university.degree,no,no,no,cellular,may,fri,404,2,9,1,success,-1.8,93.876,-40.0,0.684,5008.7,yes
25,admin.,single,university.degree,no,yes,no,cellular,sep,thu,420,1,1,1,success,-3.4,92.379,-29.8,0.809,5017.5,no
42,technician,married,professional.course,no,no,no,telephone,may,tue,1623,1,999,0,nonexistent,1.1,93.994,-36.4,4.857,5191.0,yes
31,technician,single,university.degree,no,yes,no,cellular,may,fri,1313,7,999,1,failure,-1.8,92.893,-46.2,1.25,5099.1,yes
60,admin.,married,university.degree,no,yes,no,cellular,may,mon,1602,2,999,0,nonexistent,-1.8,92.893,-46.2,1.354,5099.1,yes
37,admin.,divorced,high.school,no,yes,no,cellular,apr,fri,1311,2,999,0,nonexistent,-1.8,93.075,-47.1,1.405,5099.1,yes
48,admin.,divorced,basic.9y,no,no,no,cellular,jul,tue,1424,4,999,0,nonexistent,1.4,93.918,-42.7,4.961,5228.1,yes
50,admin.,single,university.degree,no,no,no,cellular,aug,tue,372,1,6,2,success,-1.7,94.027,-38.3,0.904,4991.6,yes
46,housemaid,single,university.degree,no,yes,yes,cellular,jun,fri,324,1,3,1,success,-2.9,92.963,-40.8,1.268,5076.2,yes
51,unemployed,married,high.school,no,yes,no,cellular,sep,wed,657,2,999,0,nonexistent,-3.4,92.379,-29.8,0.768,5017.5,no
60,retired,married,high.school,no,no,no,cellular,sep,wed,1640,1,999,0,nonexistent,-1.1,94.199,-37.5,0.876,4963.6,yes
20,student,single,unknown,no,no,no,cellular,may,tue,530,2,3,5,success,-1.8,93.876,-40.0,0.697,5008.7,yes
39,technician,single,professional.course,no,no,no,cellular,apr,wed,540,3,9,1,success,-1.8,93.075,-47.1,1.415,5099.1,no
56,retired,married,high.school,no,yes,no,cellular,jul,fri,603,1,999,0,nonexistent,-2.9,92.469,-33.6,1.059,5076.2,no
44,admin.,single,university.degree,no,no,no,cellular,aug,thu,492,1,999,2,failure,-1.7,94.027,-38.3,0.904,4991.6,no
30,admin.,single,university.degree,no,no,no,cellular,jul,tue,212,1,3,2,success,-1.7,94.215,-40.3,0.797,4991.6,no
34,services,married,basic.9y,no,no,no,cellular,jul,wed,604,1,999,0,nonexistent,-1.7,94.215,-40.3,0.84,4991.6,yes
43,blue-collar,married,basic.9y,unknown,no,no,telephone,may,fri,1500,2,999,0,nonexistent,1.1,93.994,-36.4,4.864,5191.0,yes
30,admin.,single,university.degree,no,no,no,cellular,jul,thu,252,1,6,2,success,-1.7,94.215,-40.3,0.846,4991.6,yes
44,admin.,married,university.degree,no,no,no,cellular,oct,wed,1206,1,999,0,nonexistent,-3.4,92.431,-26.9,0.735,5017.5,no
37,admin.,married,university.degree,no,unknown,unknown,cellular,jun,fri,602,1,10,1,success,-1.7,94.055,-39.8,0.719,4991.6,yes
52,technician,married,basic.9y,no,yes,no,telephone,may,mon,1666,1,999,0,nonexistent,1.1,93.994,-36.4,4.857,5191.0,no
56,retired,married,basic.4y,no,no,no,cellular,mar,wed,181,2,9,2,failure,-1.8,93.369,-34.8,0.644,5008.7,no
23,student,single,basic.6y,no,no,no,cellular,jun,fri,276,1,14,1,success,-1.7,94.055,-39.8,0.748,4991.6,yes
36,admin.,married,university.degree,no,no,no,cellular,aug,wed,212,7,6,1,success,-1.7,94.027,-38.3,0.894,4991.6,no
51,technician,single,professional.course,no,no,no,cellular,aug,wed,1740,1,999,0,nonexistent,1.4,93.444,-36.1,4.964,5228.1,no
30,admin.,single,university.degree,no,yes,no,cellular,jun,wed,617,2,999,0,nonexistent,-2.9,92.963,-40.8,1.26,5076.2,yes
59,retired,married,high.school,no,yes,no,cellular,jul,fri,1448,17,999,0,nonexistent,1.4,93.918,-42.7,4.962,5228.1,yes
32,management,single,university.degree,no,yes,no,cellular,may,tue,1710,2,999,0,nonexistent,-1.8,92.893,-46.2,1.291,5099.1,yes
36,admin.,married,university.degree,no,yes,no,telephone,nov,mon,1735,2,999,0,nonexistent,-0.1,93.2,-42.0,4.191,5195.8,no
36,admin.,single,university.degree,no,yes,yes,cellular,jun,wed,1407,1,999,0,nonexistent,-1.7,94.055,-39.8,0.739,4991.6,yes
66,admin.,divorced,university.degree,no,yes,no,cellular,aug,wed,222,3,6,2,success,-1.7,94.027,-38.3,0.903,4991.6,yes
44,entrepreneur,married,basic.4y,unknown,no,no,telephone,may,wed,1574,2,999,0,nonexistent,1.1,93.994,-36.4,4.856,5191.0,yes
76,retired,single,basic.4y,no,no,no,cellular,nov,mon,347,4,6,1,success,-3.4,92.649,-30.1,0.715,5017.5,yes
25,technician,single,university.degree,no,yes,no,cellular,jun,fri,271,2,3,1,success,-2.9,92.963,-40.8,1.268,5076.2,no
72,retired,married,basic.4y,no,yes,no,cellular,jul,fri,582,2,999,1,failure,-1.7,94.215,-40.3,0.822,4991.6,no
59,retired,divorced,basic.4y,no,yes,yes,cellular,jul,mon,796,1,6,1,success,-1.7,94.215,-40.3,0.827,4991.6,yes
34,technician,married,professional.course,no,no,no,telephone,mar,mon,300,6,6,1,success,-1.8,93.369,-34.8,0.646,5008.7,yes
34,technician,married,professional.course,no,no,no,cellular,aug,wed,1148,2,999,0,nonexistent,1.4,93.444,-36.1,4.965,5228.1,yes
36,admin.,single,university.degree,no,no,no,cellular,mar,mon,409,1,999,0,nonexistent,-1.8,93.369,-34.8,0.652,5008.7,yes
32,admin.,single,university.degree,no,no,no,cellular,aug,tue,1613,1,999,0,nonexistent,1.4,93.444,-36.1,4.966,5228.1,yes
42,admin.,divorced,university.degree,no,no,no,cellular,sep,wed,678,1,16,1,success,-1.1,94.199,-37.5,0.886,4963.6,yes
38,admin.,divorced,high.school,no,yes,no,cellular,jun,wed,1361,1,999,1,failure,-2.9,92.963,-40.8,1.26,5076.2,no
32,admin.,married,university.degree,no,yes,no,telephone,jul,wed,2692,8,999,0,nonexistent,1.4,93.918,-42.7,4.963,5228.1,yes
41,admin.,single,university.degree,no,unknown,unknown,cellular,apr,thu,1277,1,999,0,nonexistent,-1.8,93.075,-47.1,1.365,5099.1,yes
50,technician,married,university.degree,no,yes,yes,cellular,sep,wed,1353,2,999,0,nonexistent,-3.4,92.379,-29.8,0.749,5017.5,no
38,technician,single,professional.course,no,yes,no,cellular,sep,thu,386,2,6,1,success,-1.1,94.199,-37.5,0.879,4963.6,yes
64,housemaid,married,basic.4y,no,no,no,cellular,dec,thu,422,1,6,2,success,-3.0,92.713,-33.0,0.714,5023.5,yes
47,admin.,married,high.school,no,yes,yes,cellular,aug,thu,3322,1,999,0,nonexistent,1.4,93.444,-36.1,4.964,5228.1,no
27,admin.,single,high.school,no,no,no,telephone,aug,fri,3785,1,999,0,nonexistent,-1.7,94.027,-38.3,0.888,4991.6,no
27,student,single,university.degree,no,no,no,cellular,aug,wed,180,1,3,3,success,-1.7,94.027,-38.3,0.9,4991.6,yes
34,technician,married,professional.course,no,no,no,telephone,jun,fri,1994,2,999,0,nonexistent,1.4,94.465,-41.8,4.967,5228.1,no
58,retired,married,high.school,no,no,no,cellular,aug,tue,585,4,999,0,nonexistent,-2.9,92.201,-31.4,0.838,5076.2,no
39,technician,divorced,university.degree,no,no,yes,telephone,oct,mon,2016,1,999,0,nonexistent,-0.1,93.798,-40.4,5.0,5195.8,yes
27,blue-collar,single,university.degree,no,no,no,cellular,jun,wed,722,2,999,0,nonexistent,-1.7,94.055,-39.8,0.715,4991.6,no
60,admin.,married,university.degree,no,yes,no,cellular,mar,fri,558,1,999,0,nonexistent,-1.8,92.843,-50.0,1.531,5099.1,no
37,student,single,unknown,no,no,yes,cellular,jun,fri,604,1,999,0,nonexistent,-2.9,92.963,-40.8,1.268,5076.2,no
33,admin.,single,university.degree,no,no,no,cellular,jun,tue,541,3,999,0,nonexistent,-2.9,92.963,-40.8,1.262,5076.2,yes
53,housemaid,married,basic.4y,no,no,yes,telephone,nov,wed,513,1,3,1,success,-3.4,92.649,-30.1,0.715,5017.5,yes
30,student,single,unknown,no,no,no,cellular,mar,thu,101,1,14,1,success,-1.8,93.369,-34.8,0.635,5008.7,yes
36,admin.,married,university.degree,no,no,no,cellular,jul,thu,1739,5,999,0,nonexistent,1.4,93.918,-42.7,4.968,5228.1,no
25,services,single,unknown,no,yes,no,cellular,jun,tue,516,1,13,2,failure,-1.7,94.055,-39.8,0.702,4991.6,yes
41,admin.,single,high.school,no,yes,no,cellular,aug,mon,606,1,6,1,success,-2.9,92.201,-31.4,0.861,5076.2,yes
34,admin.,single,university.degree,no,no,yes,cellular,mar,tue,288,2,3,1,success,-1.8,93.369,-34.8,0.652,5008.7,yes
58,admin.,married,university.degree,no,yes,no,cellular,may,mon,1359,3,999,1,failure,-1.8,92.893,-46.2,1.244,5099.1,yes
38,services,single,high.school,no,yes,no,cellular,apr,wed,1665,3,999,0,nonexistent,-1.8,93.075,-47.1,1.445,5099.1,yes
25,admin.,single,high.school,no,yes,no,telephone,jun,thu,1243,7,999,0,nonexistent,1.4,94.465,-41.8,4.958,5228.1,yes
30,student,single,professional.course,no,yes,no,cellular,sep,mon,1616,4,19,1,success,-1.1,94.199,-37.5,0.879,4963.6,no
60,unemployed,married,basic.4y,no,no,no,cellular,nov,thu,627,2,6,1,success,-3.4,92.649,-30.1,0.714,5017.5,yes
29,services,married,professional.course,no,no,no,cellular,may,thu,1051,2,999,0,nonexistent,-1.8,92.893,-46.2,1.327,5099.1,no
24,services,single,high.school,no,yes,no,cellular,apr,tue,850,2,999,0,nonexistent,-1.8,93.075,-47.1,1.423,5099.1,yes
30,blue-collar,married,high.school,no,no,no,cellular,mar,tue,658,1,999,0,nonexistent,-1.8,93.369,-34.8,0.655,5008.7,yes
30,technician,single,professional.course,no,yes,no,cellular,sep,fri,789,2,999,0,nonexistent,-1.1,94.199,-37.5,0.883,4963.6,no
24,technician,single,basic.6y,no,yes,no,telephone,jul,thu,1448,7,999,0,nonexistent,1.4,93.918,-42.7,4.958,5228.1,yes
45,blue-collar,married,high.school,no,yes,yes,cellular,nov,mon,449,2,5,3,success,-1.1,94.767,-50.8,1.05,4963.6,yes
48,technician,married,professional.course,no,no,no,cellular,oct,thu,491,1,6,3,success,-1.1,94.601,-49.5,0.987,4963.6,yes
45,management,married,university.degree,no,no,no,cellular,sep,wed,293,2,3,2,success,-1.1,94.199,-37.5,0.886,4963.6,yes
32,admin.,single,high.school,no,no,no,cellular,nov,tue,1233,1,999,1,failure,-3.4,92.649,-30.1,0.72,5017.5,yes
56,management,divorced,unknown,no,yes,no,cellular,nov,thu,893,7,999,0,nonexistent,-3.4,92.649,-30.1,0.714,5017.5,yes
48,management,married,university.degree,no,yes,yes,cellular,nov,tue,747,2,999,0,nonexistent,-3.4,92.649,-30.1,0.715,5017.5,yes
76,management,married,unknown,no,no,no,cellular,sep,fri,879,1,999,0,nonexistent,-3.4,92.379,-29.8,0.803,5017.5,yes
43,services,married,high.school,no,yes,yes,cellular,jul,mon,1212,1,999,0,nonexistent,1.4,93.918,-42.7,4.96,5228.1,yes
42,technician,married,professional.course,no,no,no,cellular,aug,thu,295,1,6,2,success,-1.7,94.027,-38.3,0.899,4991.6,yes
24,student,single,high.school,no,no,no,cellular,jun,wed,288,6,6,1,success,-1.7,94.055,-39.8,0.727,4991.6,yes
25,self-employed,single,unknown,no,unknown,unknown,cellular,jul,wed,844,5,999,2,failure,-1.7,94.215,-40.3,0.896,4991.6,yes
72,retired,married,basic.4y,no,no,yes,cellular,jul,fri,483,4,8,1,success,-1.7,94.215,-40.3,0.822,4991.6,yes
28,admin.,divorced,university.degree,no,yes,no,cellular,may,thu,1148,1,999,0,nonexistent,-1.8,92.893,-46.2,1.327,5099.1,yes
40,admin.,divorced,high.school,no,no,no,cellular,jul,wed,1776,3,999,0,nonexistent,1.4,93.918,-42.7,4.963,5228.1,no
28,student,single,university.degree,no,unknown,unknown,cellular,may,fri,1027,2,999,0,nonexistent,-1.8,93.876,-40.0,0.695,5008.7,yes
57,technician,married,high.school,no,no,no,cellular,aug,thu,1230,1,999,0,nonexistent,1.4,93.444,-36.1,4.968,5228.1,no
48,admin.,divorced,high.school,no,no,no,cellular,jun,wed,657,1,6,1,success,-1.7,94.055,-39.8,0.704,4991.6,yes
52,admin.,married,university.degree,no,no,no,cellular,may,thu,613,1,3,2,success,-1.8,93.876,-40.0,0.677,5008.7,yes
32,admin.,single,professional.course,no,yes,yes,cellular,may,thu,1046,1,999,0,nonexistent,-1.8,92.893,-46.2,1.327,5099.1,yes
30,technician,single,professional.course,no,no,no,cellular,sep,tue,706,1,6,1,success,-1.1,94.199,-37.5,0.877,4963.6,no
20,student,single,basic.9y,no,yes,no,cellular,jul,thu,361,3,6,3,success,-1.7,94.215,-40.3,0.846,4991.6,yes
55,management,divorced,university.degree,no,yes,no,cellular,sep,thu,1440,1,999,1,failure,-1.1,94.199,-37.5,0.884,4963.6,yes
63,housemaid,married,basic.4y,no,yes,no,cellular,sep,wed,299,1,3,1,success,-3.4,92.379,-29.8,0.749,5017.5,yes
35,management,married,university.degree,no,yes,no,cellular,oct,wed,1118,1,999,0,nonexistent,-3.4,92.431,-26.9,0.724,5017.5,no
29,admin.,single,university.degree,no,yes,no,telephone,may,wed,1273,1,999,0,nonexistent,1.1,93.994,-36.4,4.856,5191.0,no
60,retired,married,professional.course,no,yes,no,cellular,sep,thu,365,1,3,1,success,-3.4,92.379,-29.8,0.809,5017.5,yes
55,admin.,married,university.degree,no,yes,no,cellular,jul,fri,687,1,999,2,failure,-1.7,94.215,-40.3,0.79,4991.6,yes
45,blue-collar,married,basic.9y,no,yes,no,cellular,mar,tue,829,1,999,0,nonexistent,-1.8,92.843,-50.0,1.51,5099.1,no
52,admin.,married,university.degree,no,yes,yes,cellular,jul,thu,942,1,999,0,nonexistent,-1.7,94.215,-40.3,0.884,4991.6,yes
24,student,single,high.school,no,yes,no,cellular,dec,thu,726,3,999,0,nonexistent,-3.0,92.713,-33.0,0.712,5023.5,yes
43,technician,married,high.school,no,yes,no,cellular,sep,tue,260,1,3,1,success,-3.4,92.379,-29.8,0.788,5017.5,yes
52,admin.,married,professional.course,no,no,no,cellular,sep,wed,953,2,999,0,nonexistent,-1.1,94.199,-37.5,0.876,4963.6,yes
54,admin.,married,professional.course,no,no,no,cellular,nov,tue,1868,2,10,1,success,-1.1,94.767,-50.8,1.035,4963.6,yes
36,admin.,married,high.school,no,no,no,telephone,may,tue,1346,1,999,0,nonexistent,-1.8,92.893,-46.2,1.266,5099.1,yes
34,technician,married,basic.9y,no,yes,no,cellular,apr,mon,904,2,999,0,nonexistent,-1.8,93.075,-47.1,1.405,5099.1,yes
56,admin.,divorced,high.school,no,no,no,cellular,nov,tue,786,1,999,0,nonexistent,-3.4,92.649,-30.1,0.72,5017.5,no
34,admin.,single,high.school,no,no,no,cellular,mar,tue,469,1,6,2,success,-1.8,93.369,-34.8,0.652,5008.7,yes
31,services,married,basic.6y,no,no,no,telephone,may,thu,2087,2,999,0,nonexistent,1.1,93.994,-36.4,4.855,5191.0,yes
32,admin.,single,university.degree,no,yes,no,cellular,jul,fri,1185,1,999,0,nonexistent,-1.7,94.215,-40.3,0.822,4991.6,no
32,housemaid,married,university.degree,no,yes,no,telephone,jun,fri,1291,3,999,0,nonexistent,1.4,94.465,-41.8,4.967,5228.1,no
49,admin.,married,high.school,no,no,no,cellular,sep,tue,495,1,3,1,success,-3.4,92.379,-29.8,0.788,5017.5,yes
35,blue-collar,married,unknown,no,yes,no,cellular,may,thu,1262,3,999,0,nonexistent,-1.8,92.893,-46.2,1.327,5099.1,yes
35,technician,married,university.degree,no,no,no,cellular,nov,thu,1145,4,999,0,nonexistent,-0.1,93.2,-42.0,4.076,5195.8,no
42,services,married,high.school,no,no,no,cellular,may,wed,990,1,999,0,nonexistent,-1.8,92.893,-46.2,1.334,5099.1,no
66,retired,single,basic.4y,no,yes,no,cellular,nov,tue,525,3,999,0,nonexistent,-3.4,92.649,-30.1,0.715,5017.5,yes
41,blue-collar,married,basic.4y,no,yes,no,cellular,may,tue,1101,1,999,0,nonexistent,-1.8,92.893,-46.2,1.344,5099.1,no
28,student,single,high.school,no,no,no,cellular,sep,fri,555,2,999,0,nonexistent,-3.4,92.379,-29.8,0.803,5017.5,yes
74,retired,divorced,basic.4y,no,yes,no,cellular,aug,wed,536,1,13,1,success,-2.9,92.201,-31.4,0.854,5076.2,yes
26,admin.,married,high.school,no,no,no,cellular,jun,wed,598,4,12,3,failure,-1.7,94.055,-39.8,0.767,4991.6,yes
30,blue-collar,married,high.school,no,yes,no,telephone,mar,tue,904,1,999,0,nonexistent,-1.8,93.369,-34.8,0.655,5008.7,yes
59,admin.,married,unknown,no,yes,yes,cellular,sep,mon,281,3,3,1,success,-3.4,92.379,-29.8,0.797,5017.5,yes
31,admin.,single,basic.9y,no,no,no,cellular,jul,wed,1432,5,999,0,nonexistent,1.4,93.918,-42.7,4.957,5228.1,no
80,retired,divorced,basic.4y,no,yes,yes,cellular,apr,thu,554,1,10,2,success,-1.8,93.749,-34.6,0.644,5008.7,yes
31,entrepreneur,single,university.degree,no,no,no,cellular,nov,thu,1855,3,999,0,nonexistent,-0.1,93.2,-42.0,4.076,5195.8,no
42,management,married,basic.6y,unknown,yes,no,telephone,may,mon,3078,4,999,0,nonexistent,1.1,93.994,-36.4,4.858,5191.0,no
31,admin.,single,university.degree,no,yes,no,cellular,jul,fri,815,2,13,2,success,-1.7,94.215,-40.3,0.861,4991.6,yes
66,retired,married,unknown,no,no,no,cellular,sep,tue,667,1,999,1,failure,-1.1,94.199,-37.5,0.881,4963.6,no
37,blue-collar,single,professional.course,no,no,no,cellular,oct,wed,727,3,999,0,nonexistent,-3.4,92.431,-26.9,0.742,5017.5,no
45,blue-collar,married,unknown,no,yes,no,cellular,apr,thu,944,1,999,1,failure,-1.8,93.075,-47.1,1.41,5099.1,yes
70,retired,divorced,basic.4y,no,no,no,cellular,jul,thu,390,2,6,2,success,-1.7,94.215,-40.3,0.846,4991.6,yes
32,admin.,single,university.degree,no,yes,no,cellular,jul,thu,250,2,6,1,success,-1.7,94.215,-40.3,0.846,4991.6,no
31,admin.,single,university.degree,no,yes,no,cellular,nov,wed,404,1,2,5,success,-1.1,94.767,-50.8,1.048,4963.6,yes
41,blue-collar,divorced,basic.4y,unknown,yes,no,telephone,may,mon,1575,1,999,0,nonexistent,1.1,93.994,-36.4,4.857,5191.0,yes
47,admin.,divorced,high.school,no,yes,no,telephone,jun,thu,1224,1,999,0,nonexistent,1.4,94.465,-41.8,4.961,5228.1,yes
54,management,married,university.degree,unknown,no,yes,cellular,apr,mon,1817,3,999,0,nonexistent,-1.8,93.075,-47.1,1.405,5099.1,yes
43,technician,married,high.school,no,no,no,cellular,jul,wed,1389,7,999,0,nonexistent,1.4,93.918,-42.7,4.957,5228.1,no
29,technician,single,university.degree,no,no,no,cellular,nov,mon,240,1,4,1,success,-1.1,94.767,-50.8,1.05,4963.6,no
66,retired,married,high.school,no,no,no,cellular,mar,tue,618,1,999,0,nonexistent,-1.8,93.369,-34.8,0.646,5008.7,no
46,unemployed,married,basic.9y,no,yes,yes,cellular,jun,tue,1210,4,999,1,failure,-2.9,92.963,-40.8,1.262,5076.2,yes
52,admin.,married,basic.9y,no,no,no,cellular,jul,wed,1171,2,999,0,nonexistent,1.4,93.918,-42.7,4.963,5228.1,yes
65,management,married,unknown,no,no,no,cellular,dec,wed,456,2,9,1,success,-3.0,92.713,-33.0,0.715,5023.5,yes
36,management,married,university.degree,no,no,no,cellular,mar,thu,709,2,999,0,nonexistent,-1.8,92.843,-50.0,1.538,5099.1,yes
43,admin.,married,university.degree,no,yes,no,cellular,jun,wed,262,2,3,1,success,-2.9,92.963,-40.8,1.26,5076.2,yes
30,admin.,single,university.degree,no,yes,no,cellular,jul,tue,255,2,3,1,success,-1.7,94.215,-40.3,0.797,4991.6,no
31,technician,single,university.degree,no,yes,no,telephone,jul,thu,426,1,6,2,success,-1.7,94.215,-40.3,0.899,4991.6,yes
80,retired,divorced,basic.4y,no,no,yes,cellular,dec,fri,720,5,999,1,failure,-3.0,92.713,-33.0,0.718,5023.5,no
47,blue-collar,married,basic.4y,no,yes,no,telephone,jun,mon,2769,4,999,0,nonexistent,1.4,94.465,-41.8,4.96,5228.1,yes
31,admin.,single,university.degree,no,yes,no,cellular,jul,wed,1327,2,999,0,nonexistent,1.4,93.918,-42.7,4.963,5228.1,yes
26,student,single,basic.9y,no,yes,no,cellular,mar,mon,1447,2,999,0,nonexistent,-1.8,92.843,-50.0,1.811,5099.1,yes
35,technician,single,high.school,unknown,no,no,cellular,aug,fri,1258,1,999,0,nonexistent,1.4,93.444,-36.1,4.964,5228.1,yes
68,retired,divorced,high.school,no,yes,yes,cellular,jul,wed,340,1,3,1,success,-1.7,94.215,-40.3,0.896,4991.6,yes
22,student,single,high.school,no,no,no,cellular,oct,fri,270,3,6,1,success,-3.4,92.431,-26.9,0.73,5017.5,yes
56,technician,divorced,professional.course,no,no,no,cellular,oct,mon,464,1,3,2,success,-1.1,94.601,-49.5,1.0,4963.6,yes
26,technician,single,university.degree,no,no,no,cellular,oct,wed,649,1,999,0,nonexistent,-1.1,94.601,-49.5,0.959,4963.6,yes
35,technician,single,professional.course,no,yes,no,cellular,jul,tue,337,1,6,1,success,-1.7,94.215,-40.3,0.835,4991.6,yes
37,unemployed,married,professional.course,no,yes,no,telephone,may,fri,3631,2,999,0,nonexistent,1.1,93.994,-36.4,4.864,5191.0,yes
32,admin.,married,university.degree,no,yes,no,cellular,aug,wed,1842,1,999,0,nonexistent,1.4,93.444,-36.1,4.965,5228.1,yes
26,technician,single,university.degree,no,no,no,cellular,jul,fri,129,2,6,1,success,-1.7,94.215,-40.3,0.861,4991.6,no
48,admin.,single,university.degree,no,yes,no,cellular,jul,fri,194,2,3,1,success,-1.7,94.215,-40.3,0.79,4991.6,yes
59,blue-collar,married,basic.4y,no,no,no,cellular,apr,mon,1397,3,999,1,failure,-1.8,93.749,-34.6,0.642,5008.7,yes
78,retired,married,unknown,no,no,no,cellular,mar,thu,272,1,6,2,success,-1.8,93.369,-34.8,0.635,5008.7,yes
65,retired,married,basic.4y,no,yes,yes,cellular,oct,wed,190,1,3,3,success,-1.1,94.601,-49.5,0.985,4963.6,yes
26,admin.,single,high.school,no,no,no,cellular,jul,fri,1310,2,999,0,nonexistent,1.4,93.918,-42.7,4.963,5228.1,yes
80,retired,divorced,basic.4y,no,yes,yes,cellular,apr,wed,654,2,999,0,nonexistent,-1.8,93.749,-34.6,0.642,5008.7,yes
55,unemployed,divorced,university.degree,no,no,no,cellular,mar,tue,212,3,6,3,success,-1.8,93.369,-34.8,0.652,5008.7,yes
46,admin.,married,university.degree,no,no,no,telephone,mar,thu,184,1,3,1,success,-1.8,93.369,-34.8,0.65,5008.7,no
58,self-employed,married,university.degree,no,no,no,cellular,aug,fri,1242,3,999,0,nonexistent,1.4,93.444,-36.1,4.966,5228.1,yes
39,management,single,university.degree,no,no,no,cellular,apr,fri,952,2,999,1,failure,-1.8,93.075,-47.1,1.405,5099.1,no
33,admin.,single,high.school,unknown,no,no,cellular,may,thu,1723,1,12,1,success,-1.8,92.893,-46.2,1.266,5099.1,yes
31,services,married,high.school,no,yes,no,cellular,jun,wed,591,2,999,0,nonexistent,-2.9,92.963,-40.8,1.26,5076.2,yes
34,admin.,single,high.school,no,yes,no,cellular,may,wed,653,1,11,1,success,-1.8,92.893,-46.2,1.334,5099.1,yes
26,student,single,basic.9y,no,yes,no,cellular,mar,mon,712,4,999,0,nonexistent,-1.8,92.843,-50.0,1.811,5099.1,yes
39,admin.,married,basic.6y,unknown,no,no,cellular,jul,wed,1176,1,999,0,nonexistent,1.4,93.918,-42.7,4.963,5228.1,yes
29,admin.,single,university.degree,no,yes,yes,cellular,nov,fri,1222,2,999,0,nonexistent,-0.1,93.2,-42.0,4.021,5195.8,yes
35,services,married,high.school,no,no,no,cellular,sep,tue,421,2,3,1,success,-3.4,92.379,-29.8,0.788,5017.5,no
38,admin.,divorced,university.degree,no,yes,no,cellular,nov,thu,1532,3,999,0,nonexistent,-0.1,93.2,-42.0,4.076,5195.8,yes
98,retired,married,basic.4y,unknown,yes,no,cellular,oct,fri,476,1,2,2,success,-3.4,92.431,-26.9,0.73,5017.5,yes
34,self-employed,single,university.degree,no,no,no,cellular,jul,wed,1211,1,999,0,nonexistent,1.4,93.918,-42.7,4.963,5228.1,yes
45,services,divorced,basic.4y,no,no,yes,cellular,apr,thu,1579,1,999,1,failure,-1.8,93.075,-47.1,1.41,5099.1,yes
46,services,married,university.degree,no,yes,no,cellular,sep,wed,630,1,999,0,nonexistent,-1.1,94.199,-37.5,0.88,4963.6,yes
43,management,married,basic.6y,no,no,no,cellular,apr,wed,945,1,999,1,failure,-1.8,93.075,-47.1,1.415,5099.1,yes
66,management,divorced,university.degree,no,no,no,cellular,sep,tue,679,1,1,1,success,-3.4,92.379,-29.8,0.788,5017.5,yes
52,technician,married,professional.course,no,yes,no,cellular,nov,fri,495,1,3,1,success,-3.4,92.649,-30.1,0.714,5017.5,yes
22,student,single,high.school,no,unknown,unknown,telephone,jun,tue,1199,2,999,0,nonexistent,1.4,94.465,-41.8,4.961,5228.1,no
37,management,married,university.degree,no,no,no,telephone,jun,mon,1323,9,999,0,nonexistent,1.4,94.465,-41.8,4.96,5228.1,yes
22,admin.,single,university.degree,no,unknown,unknown,cellular,jun,tue,835,2,999,0,nonexistent,-2.9,92.963,-40.8,1.286,5076.2,no
52,admin.,married,professional.course,no,no,no,cellular,jul,tue,606,1,999,0,nonexistent,-1.7,94.215,-40.3,0.893,4991.6,yes
25,admin.,single,high.school,no,no,no,cellular,jul,thu,449,2,999,0,nonexistent,-1.7,94.215,-40.3,0.81,4991.6,yes
25,unemployed,married,high.school,no,yes,no,cellular,mar,wed,436,2,6,1,success,-1.8,93.369,-34.8,0.651,5008.7,yes
34,management,married,university.degree,no,no,no,cellular,nov,thu,1256,1,999,0,nonexistent,-0.1,93.2,-42.0,4.076,5195.8,no
76,retired,married,basic.4y,no,yes,no,cellular,may,fri,1205,2,6,2,success,-1.8,93.876,-40.0,0.684,5008.7,yes
56,retired,married,high.school,no,no,no,cellular,jun,tue,383,1,3,1,success,-1.7,94.055,-39.8,0.761,4991.6,yes
46,admin.,married,university.degree,no,yes,no,cellular,mar,thu,335,1,999,0,nonexistent,-1.8,93.369,-34.8,0.65,5008.7,yes
39,blue-collar,married,basic.6y,no,no,no,telephone,jun,tue,1340,1,999,0,nonexistent,1.4,94.465,-41.8,4.864,5228.1,no
26,unemployed,single,university.degree,no,yes,no,cellular,aug,thu,508,3,6,2,success,-1.7,94.027,-38.3,0.904,4991.6,yes
36,technician,married,professional.course,no,no,no,telephone,may,wed,1423,3,999,0,nonexistent,1.1,93.994,-36.4,4.859,5191.0,yes
41,admin.,married,unknown,no,no,no,cellular,sep,wed,845,1,7,3,success,-1.1,94.199,-37.5,0.886,4963.6,yes
43,blue-collar,married,basic.4y,no,unknown,unknown,telephone,jun,thu,1618,2,999,0,nonexistent,1.4,94.465,-41.8,4.958,5228.1,yes
51,services,married,high.school,no,no,no,cellular,may,tue,1267,1,999,1,failure,-1.8,93.876,-40.0,0.668,5008.7,yes
50,blue-collar,married,basic.9y,no,yes,no,cellular,apr,thu,1365,2,999,1,failure,-1.8,93.075,-47.1,1.41,5099.1,yes
44,technician,married,university.degree,no,no,no,cellular,jun,wed,874,2,999,1,failure,-1.7,94.055,-39.8,0.715,4991.6,yes
37,management,divorced,university.degree,no,yes,no,cellular,may,mon,1173,3,9,1,success,-1.8,92.893,-46.2,1.244,5099.1,yes
38,admin.,single,university.degree,no,yes,no,cellular,mar,thu,420,1,999,0,nonexistent,-1.8,93.369,-34.8,0.643,5008.7,yes
42,self-employed,married,university.degree,no,yes,no,cellular,jun,wed,436,1,3,1,success,-2.9,92.963,-40.8,1.26,5076.2,yes
27,admin.,single,university.degree,no,yes,no,cellular,aug,wed,1117,2,999,0,nonexistent,-2.9,92.201,-31.4,0.879,5076.2,no
36,technician,single,professional.course,no,yes,no,cellular,jun,tue,569,2,999,0,nonexistent,-2.9,92.963,-40.8,1.252,5076.2,no
39,blue-collar,single,basic.4y,no,unknown,unknown,cellular,may,wed,1079,3,999,0,nonexistent,-1.8,92.893,-46.2,1.334,5099.1,no
37,admin.,single,high.school,no,no,no,cellular,mar,wed,153,2,4,2,success,-1.8,93.369,-34.8,0.655,5008.7,yes
50,technician,married,professional.course,no,yes,no,cellular,nov,tue,1978,1,999,0,nonexistent,-0.1,93.2,-42.0,4.153,5195.8,yes
25,blue-collar,single,basic.4y,no,yes,no,telephone,may,wed,1681,1,999,0,nonexistent,1.1,93.994,-36.4,4.858,5191.0,yes
60,retired,married,university.degree,no,no,no,cellular,sep,thu,529,2,6,1,success,-1.1,94.199,-37.5,0.884,4963.6,yes
53,admin.,divorced,university.degree,no,no,no,cellular,mar,thu,2486,1,999,0,nonexistent,-1.8,93.369,-34.8,0.654,5008.7,yes
30,management,married,university.degree,no,yes,no,cellular,oct,tue,1226,2,999,0,nonexistent,-3.4,92.431,-26.9,0.742,5017.5,yes
53,services,married,high.school,unknown,no,no,telephone,may,thu,2260,2,999,0,nonexistent,1.1,93.994,-36.4,4.86,5191.0,no
61,retired,married,high.school,no,yes,no,cellular,apr,tue,930,4,999,0,nonexistent,-1.8,93.749,-34.6,0.642,5008.7,no
43,services,single,high.school,no,no,no,cellular,jul,tue,1317,4,999,0,nonexistent,1.4,93.918,-42.7,4.961,5228.1,yes
53,admin.,single,university.degree,no,no,no,cellular,apr,thu,494,1,2,1,success,-1.8,93.075,-47.1,1.365,5099.1,yes
83,retired,married,university.degree,no,yes,no,cellular,jul,tue,178,1,6,2,success,-1.7,94.215,-40.3,0.835,4991.6,yes
17,student,single,unknown,no,no,yes,cellular,oct,tue,896,1,2,2,success,-3.4,92.431,-26.9,0.742,5017.5,yes
35,technician,married,university.degree,no,unknown,unknown,cellular,aug,thu,1579,2,999,0,nonexistent,1.4,93.444,-36.1,4.964,5228.1,yes
24,services,single,high.school,no,yes,no,cellular,apr,tue,1594,1,999,1,failure,-1.8,93.075,-47.1,1.423,5099.1,yes
36,blue-collar,single,high.school,no,yes,yes,cellular,jun,wed,342,2,3,1,success,-1.7,94.055,-39.8,0.739,4991.6,yes
44,services,divorced,basic.6y,no,yes,no,cellular,aug,wed,153,3,0,1,success,-1.7,94.027,-38.3,0.9,4991.6,yes
31,admin.,married,university.degree,no,yes,no,cellular,may,tue,1078,1,999,0,nonexistent,-1.8,92.893,-46.2,1.266,5099.1,yes
34,admin.,single,high.school,no,yes,no,cellular,nov,mon,725,2,8,2,failure,-3.4,92.649,-30.1,0.722,5017.5,no
41,technician,married,professional.course,no,no,no,cellular,nov,mon,526,2,6,1,success,-1.1,94.767,-50.8,1.039,4963.6,yes
54,admin.,married,high.school,no,no,no,cellular,oct,wed,252,2,6,2,success,-1.1,94.601,-49.5,0.985,4963.6,yes
66,retired,married,basic.4y,unknown,unknown,unknown,cellular,oct,wed,216,1,6,3,success,-1.1,94.601,-49.5,0.985,4963.6,yes
27,admin.,married,university.degree,no,yes,no,cellular,aug,tue,415,5,12,1,success,-1.7,94.027,-38.3,0.886,4991.6,yes
30,blue-collar,married,basic.6y,no,no,yes,cellular,jul,wed,1152,2,999,0,nonexistent,1.4,93.918,-42.7,4.963,5228.1,yes
37,unemployed,single,university.degree,no,yes,yes,cellular,jul,wed,314,1,5,2,success,-1.7,94.215,-40.3,0.881,4991.6,yes
32,services,married,high.school,no,no,no,cellular,may,tue,863,4,1,2,success,-1.8,92.893,-46.2,1.291,5099.1,yes
33,admin.,married,university.degree,no,yes,no,cellular,jun,tue,690,1,999,0,nonexistent,-2.9,92.963,-40.8,1.262,5076.2,yes
48,admin.,divorced,university.degree,no,no,no,cellular,may,tue,1062,3,999,0,nonexistent,-1.8,92.893,-46.2,1.291,5099.1,yes
29,admin.,married,high.school,no,yes,no,cellular,jun,wed,605,3,999,0,nonexistent,-1.7,94.055,-39.8,0.727,4991.6,yes
56,technician,married,professional.course,no,yes,no,cellular,jul,mon,207,2,13,1,success,-1.7,94.215,-40.3,0.87,4991.6,yes
31,student,single,university.degree,no,no,no,cellular,aug,tue,279,4,6,2,success,-1.7,94.027,-38.3,0.899,4991.6,yes
21,student,single,high.school,no,yes,no,cellular,aug,tue,263,3,9,2,success,-1.7,94.027,-38.3,0.899,4991.6,yes
33,admin.,married,university.degree,no,yes,no,cellular,may,mon,740,1,3,2,success,-1.8,93.876,-40.0,0.685,5008.7,yes
40,unemployed,divorced,university.degree,no,yes,no,cellular,jul,wed,1373,2,999,0,nonexistent,1.4,93.918,-42.7,4.963,5228.1,yes
43,technician,married,high.school,no,yes,no,cellular,sep,thu,531,1,999,0,nonexistent,-3.4,92.379,-29.8,0.809,5017.5,no
37,admin.,married,basic.6y,no,yes,yes,cellular,jul,thu,1602,6,999,0,nonexistent,1.4,93.918,-42.7,4.962,5228.1,yes
44,management,divorced,university.degree,no,no,no,cellular,apr,fri,1091,1,999,1,failure,-1.8,93.075,-47.1,1.479,5099.1,no
84,retired,divorced,unknown,unknown,no,no,cellular,sep,tue,333,1,3,2,success,-1.1,94.199,-37.5,0.877,4963.6,yes
57,admin.,divorced,high.school,no,no,no,cellular,sep,tue,473,1,3,5,success,-1.1,94.199,-37.5,0.877,4963.6,yes
50,entrepreneur,divorced,university.degree,no,yes,no,telephone,oct,tue,898,7,11,2,success,-1.1,94.601,-49.5,1.008,4963.6,yes
30,technician,married,university.degree,no,yes,no,cellular,dec,thu,244,2,6,1,success,-3.0,92.713,-33.0,0.72,5023.5,yes
39,entrepreneur,divorced,basic.4y,no,yes,yes,cellular,jul,wed,1317,2,999,0,nonexistent,1.4,93.918,-42.7,4.962,5228.1,no
59,retired,married,basic.9y,unknown,no,no,cellular,jul,fri,1330,3,999,0,nonexistent,1.4,93.918,-42.7,4.962,5228.1,yes
43,technician,married,professional.course,no,yes,no,cellular,jul,thu,1193,1,999,0,nonexistent,-1.7,94.215,-40.3,0.884,4991.6,yes
62,blue-collar,married,high.school,no,yes,no,cellular,jun,mon,563,4,4,3,success,-1.7,94.055,-39.8,0.754,4991.6,yes
37,blue-collar,married,basic.6y,no,no,no,cellular,may,tue,1085,3,999,0,nonexistent,-1.8,92.893,-46.2,1.344,5099.1,yes
47,management,married,university.degree,no,yes,no,cellular,aug,mon,145,3,3,2,success,-1.7,94.027,-38.3,0.904,4991.6,no
36,admin.,single,university.degree,no,yes,no,cellular,aug,thu,1217,2,999,0,nonexistent,1.4,93.444,-36.1,4.964,5228.1,no
22,student,single,high.school,no,no,no,cellular,sep,wed,369,3,5,1,success,-1.1,94.199,-37.5,0.886,4963.6,yes
58,blue-collar,married,basic.4y,no,yes,no,cellular,aug,wed,771,1,3,1,success,-1.7,94.027,-38.3,0.9,4991.6,yes
29,admin.,married,university.degree,no,unknown,unknown,cellular,jul,tue,311,1,3,1,success,-1.7,94.215,-40.3,0.835,4991.6,yes
32,admin.,married,university.degree,no,no,no,cellular,jun,tue,596,1,999,0,nonexistent,-2.9,92.963,-40.8,1.262,5076.2,yes
37,entrepreneur,married,basic.4y,no,yes,no,cellular,apr,fri,1130,3,999,0,nonexistent,-1.8,93.075,-47.1,1.405,5099.1,no
45,unemployed,married,high.school,no,no,no,cellular,sep,wed,1081,2,999,0,nonexistent,-1.1,94.199,-37.5,0.88,4963.6,yes
35,admin.,married,university.degree,no,no,no,cellular,aug,mon,1364,2,999,0,nonexistent,1.4,93.444,-36.1,4.963,5228.1,no
39,services,divorced,high.school,unknown,no,no,telephone,may,mon,2033,1,999,0,nonexistent,1.1,93.994,-36.4,4.857,5191.0,no
64,retired,married,university.degree,no,no,no,cellular,mar,fri,158,1,3,2,success,-1.8,93.369,-34.8,0.653,5008.7,no
60,retired,married,university.degree,no,no,no,cellular,aug,wed,576,1,999,0,nonexistent,-2.9,92.201,-31.4,0.879,5076.2,yes
40,admin.,married,university.degree,no,no,no,cellular,apr,thu,815,1,999,0,nonexistent,-1.8,93.075,-47.1,1.365,5099.1,yes
36,admin.,married,university.degree,no,no,no,cellular,oct,wed,632,2,999,0,nonexistent,-3.4,92.431,-26.9,0.742,5017.5,no
69,technician,married,professional.course,no,yes,no,cellular,oct,thu,676,1,999,0,nonexistent,-3.4,92.431,-26.9,0.741,5017.5,no
46,blue-collar,married,professional.course,no,no,no,telephone,jun,thu,1446,1,999,0,nonexistent,1.4,94.465,-41.8,4.866,5228.1,yes
80,retired,married,illiterate,unknown,yes,yes,cellular,aug,tue,125,1,6,1,success,-2.9,92.201,-31.4,0.883,5076.2,yes
49,management,married,university.degree,no,no,no,cellular,apr,wed,1214,1,999,0,nonexistent,-1.8,93.075,-47.1,1.415,5099.1,yes
38,technician,married,professional.course,no,no,no,cellular,aug,mon,923,1,999,1,failure,-2.9,92.201,-31.4,0.884,5076.2,yes
59,admin.,married,university.degree,no,yes,no,cellular,aug,wed,443,3,999,0,nonexistent,-1.7,94.027,-38.3,0.903,4991.6,no
51,admin.,divorced,university.degree,no,yes,no,cellular,jul,mon,1339,2,999,0,nonexistent,1.4,93.918,-42.7,4.962,5228.1,no
31,admin.,single,university.degree,no,yes,no,cellular,nov,thu,1816,1,999,0,nonexistent,-0.1,93.2,-42.0,4.076,5195.8,no
28,management,single,university.degree,no,yes,no,cellular,jun,thu,1161,1,4,1,success,-2.9,92.963,-40.8,1.26,5076.2,yes
60,retired,married,university.degree,no,no,no,cellular,dec,fri,439,3,6,2,success,-3.0,92.713,-33.0,0.718,5023.5,yes
31,admin.,married,university.degree,no,yes,no,cellular,may,wed,954,2,10,1,success,-1.8,92.893,-46.2,1.281,5099.1,yes
75,retired,married,unknown,no,no,no,telephone,aug,tue,676,2,999,4,failure,-1.7,94.027,-38.3,0.899,4991.6,yes
31,management,married,university.degree,no,yes,no,cellular,jul,mon,1397,3,999,0,nonexistent,1.4,93.918,-42.7,4.962,5228.1,yes
32,services,married,high.school,no,no,no,cellular,apr,fri,1090,1,999,0,nonexistent,-1.8,93.075,-47.1,1.479,5099.1,no
28,student,single,high.school,no,yes,no,cellular,jun,fri,577,3,999,0,nonexistent,-2.9,92.963,-40.8,1.268,5076.2,yes
30,services,single,high.school,no,yes,no,telephone,jul,fri,1576,3,999,0,nonexistent,1.4,93.918,-42.7,4.959,5228.1,no
48,technician,married,professional.course,no,yes,no,cellular,sep,mon,669,1,999,0,nonexistent,-3.4,92.379,-29.8,0.797,5017.5,no
38,blue-collar,single,high.school,no,yes,no,telephone,mar,wed,557,1,999,0,nonexistent,-1.8,93.369,-34.8,0.655,5008.7,yes
35,services,married,high.school,no,no,no,cellular,apr,thu,1034,2,999,0,nonexistent,-1.8,93.075,-47.1,1.365,5099.1,yes
45,admin.,divorced,university.degree,no,yes,no,cellular,jul,thu,1673,2,999,0,nonexistent,1.4,93.918,-42.7,4.958,5228.1,no
50,management,married,university.degree,no,yes,no,cellular,oct,thu,305,2,4,1,success,-3.4,92.431,-26.9,0.754,5017.5,yes
35,admin.,married,high.school,no,yes,no,cellular,apr,wed,1190,1,999,0,nonexistent,-1.8,93.075,-47.1,1.445,5099.1,yes
31,blue-collar,married,basic.6y,no,no,no,telephone,jun,fri,1573,5,999,0,nonexistent,1.4,94.465,-41.8,4.959,5228.1,yes
37,admin.,divorced,university.degree,no,no,no,cellular,aug,thu,329,3,9,1,success,-2.9,92.201,-31.4,0.851,5076.2,yes
43,admin.,married,high.school,no,yes,no,cellular,jul,thu,1259,1,999,0,nonexistent,1.4,93.918,-42.7,4.962,5228.1,no
42,admin.,married,university.degree,no,no,no,cellular,jul,wed,1331,3,999,0,nonexistent,1.4,93.918,-42.7,4.963,5228.1,no
56,blue-collar,divorced,basic.9y,no,yes,no,cellular,nov,wed,1265,3,999,0,nonexistent,-0.1,93.2,-42.0,4.12,5195.8,yes
35,admin.,married,university.degree,no,yes,no,cellular,aug,wed,765,2,6,3,success,-1.7,94.027,-38.3,0.903,4991.6,yes
62,retired,married,university.degree,no,no,no,cellular,nov,thu,483,2,6,3,success,-1.1,94.767,-50.8,1.031,4963.6,yes
44,services,divorced,high.school,no,yes,yes,cellular,apr,tue,895,1,999,0,nonexistent,-1.8,93.075,-47.1,1.453,5099.1,yes
36,blue-collar,married,basic.9y,unknown,yes,no,telephone,jun,fri,1567,2,999,0,nonexistent,1.4,94.465,-41.8,4.967,5228.1,no
61,retired,married,university.degree,no,no,no,telephone,aug,wed,250,2,7,1,success,-1.7,94.027,-38.3,0.9,4991.6,yes
45,admin.,single,high.school,no,no,no,cellular,may,mon,1487,3,999,0,nonexistent,-1.8,92.893,-46.2,1.299,5099.1,no
39,services,single,high.school,no,yes,no,cellular,apr,thu,1007,3,999,1,failure,-1.8,93.075,-47.1,1.41,5099.1,no
33,student,married,professional.course,no,yes,no,cellular,aug,mon,265,3,3,4,success,-1.7,94.027,-38.3,0.896,4991.6,yes
37,admin.,married,university.degree,no,no,no,cellular,nov,mon,282,2,6,1,success,-1.1,94.767,-50.8,1.05,4963.6,yes
60,admin.,married,university.degree,no,no,no,telephone,jun,wed,1574,3,999,0,nonexistent,1.4,94.465,-41.8,4.962,5228.1,yes
85,retired,divorced,basic.4y,unknown,yes,no,cellular,dec,mon,321,3,6,1,success,-3.0,92.713,-33.0,0.715,5023.5,yes
40,entrepreneur,married,basic.9y,no,yes,no,cellular,apr,fri,1013,2,999,0,nonexistent,-1.8,93.075,-47.1,1.405,5099.1,no
33,management,married,university.degree,no,no,no,telephone,aug,thu,201,1,6,2,success,-1.7,94.027,-38.3,0.899,4991.6,yes
40,blue-collar,married,basic.6y,unknown,yes,no,cellular,may,fri,1080,1,999,0,nonexistent,-1.8,92.893,-46.2,1.313,5099.1,yes
50,blue-collar,married,basic.9y,no,no,no,cellular,nov,mon,1449,1,999,0,nonexistent,-0.1,93.2,-42.0,4.191,5195.8,no
59,technician,married,professional.course,no,yes,no,cellular,jul,fri,457,2,15,1,success,-1.7,94.215,-40.3,0.861,4991.6,yes
52,management,married,university.degree,no,yes,no,cellular,may,fri,787,3,3,3,success,-1.8,93.876,-40.0,0.684,5008.7,yes
48,admin.,single,university.degree,no,yes,no,cellular,mar,tue,544,1,999,0,nonexistent,-1.8,92.843,-50.0,1.51,5099.1,no
79,retired,married,basic.4y,no,no,yes,cellular,nov,tue,301,2,3,1,success,-3.4,92.649,-30.1,0.715,5017.5,yes
54,technician,married,high.school,unknown,no,no,cellular,jul,thu,1756,1,999,0,nonexistent,1.4,93.918,-42.7,4.962,5228.1,no
33,admin.,married,university.degree,no,yes,no,cellular,nov,tue,344,2,3,1,success,-3.4,92.649,-30.1,0.715,5017.5,yes
57,admin.,married,university.degree,no,unknown,unknown,cellular,oct,wed,229,2,3,2,success,-1.1,94.601,-49.5,0.959,4963.6,yes
31,technician,married,basic.9y,no,no,yes,cellular,jul,thu,1319,5,999,0,nonexistent,1.4,93.918,-42.7,4.958,5228.1,yes
41,entrepreneur,married,university.degree,no,yes,no,cellular,aug,thu,736,1,999,0,nonexistent,-1.7,94.027,-38.3,0.904,4991.6,yes
41,blue-collar,married,basic.9y,unknown,yes,no,cellular,apr,fri,1038,2,999,0,nonexistent,-1.8,93.075,-47.1,1.405,5099.1,no
39,technician,divorced,high.school,no,no,no,cellular,mar,mon,222,1,12,2,success,-1.8,93.369,-34.8,0.639,5008.7,yes
39,technician,married,university.degree,no,yes,no,cellular,jun,mon,713,2,999,0,nonexistent,-1.7,94.055,-39.8,0.72,4991.6,yes
36,admin.,single,university.degree,no,no,no,cellular,jun,wed,706,1,7,1,success,-1.7,94.055,-39.8,0.739,4991.6,yes
30,admin.,single,university.degree,no,no,no,cellular,jun,wed,656,1,999,0,nonexistent,-2.9,92.963,-40.8,1.26,5076.2,no
33,technician,married,high.school,no,yes,no,cellular,jul,fri,1360,9,999,0,nonexistent,1.4,93.918,-42.7,4.957,5228.1,yes
25,admin.,single,university.degree,no,yes,yes,cellular,jun,tue,431,3,4,1,success,-2.9,92.963,-40.8,1.286,5076.2,no
26,retired,single,high.school,no,unknown,unknown,cellular,jun,wed,508,1,999,0,nonexistent,-2.9,92.963,-40.8,1.26,5076.2,no
35,technician,married,professional.course,no,yes,yes,cellular,oct,wed,608,1,9,2,failure,-1.1,94.601,-49.5,0.959,4963.6,yes
27,student,single,unknown,no,yes,no,telephone,apr,thu,390,1,4,1,success,-1.8,93.749,-34.6,0.635,5008.7,yes
36,admin.,married,high.school,no,no,no,cellular,sep,thu,543,1,999,0,nonexistent,-3.4,92.379,-29.8,0.766,5017.5,yes
34,technician,single,basic.9y,no,no,no,cellular,aug,mon,205,3,6,3,success,-1.7,94.027,-38.3,0.896,4991.6,yes
80,retired,divorced,basic.4y,no,no,yes,cellular,jul,thu,169,2,6,2,success,-1.7,94.215,-40.3,0.899,4991.6,yes
35,admin.,married,university.degree,no,no,no,cellular,jul,mon,768,2,3,4,success,-1.7,94.215,-40.3,0.889,4991.6,no
52,admin.,married,university.degree,no,no,no,cellular,sep,fri,1104,2,999,0,nonexistent,-3.4,92.379,-29.8,0.762,5017.5,yes
32,technician,married,professional.course,no,yes,yes,cellular,nov,wed,1554,1,999,0,nonexistent,-0.1,93.2,-42.0,4.12,5195.8,yes
29,admin.,married,high.school,no,yes,no,cellular,jun,tue,379,2,13,1,success,-1.7,94.055,-39.8,0.723,4991.6,yes
37,entrepreneur,married,university.degree,no,yes,no,cellular,nov,mon,843,1,999,0,nonexistent,-3.4,92.649,-30.1,0.714,5017.5,no
31,management,married,high.school,no,no,no,cellular,jul,mon,1272,3,999,0,nonexistent,1.4,93.918,-42.7,4.96,5228.1,yes
